id,latitude,longitude,location,vehicle_number,vehicle_type,description,violation_type,offence_code,created_datetime,closed_datetime,modified_datetime,device_id,created_by_id,center_code,police_station,data_sent_to_scita,junction_name,action_taken_timestamp,data_sent_to_scita_timestamp,updated_vehicle_number,updated_vehicle_type,validation_status,validation_timestamp
FKID000000,12.9255567,77.618665,"18th Main Road, Block 2, Koramangala, Bengaluru, Karnataka. Pin-560068 (India)",FKN00GL0000,CAR,NULL,"[""WRONG PARKING"",""PARKING NEAR ROAD CROSSING""]","[112,104]",2023-11-20 00:28:46+00,NULL,2023-11-28 04:48:04.582978+00,FKDEV00000,FKUSR00000,9,Madiwala,TRUE,No Junction,NULL,NULL,FKN00GL0000,MAXI-CAB,approved,2023-11-30 03:08:24.818+00
FKID000001,12.9054633,77.7007781,"Sarjapura Main Road, The Grove, Janatha Colony, Doddakannelli, Bengaluru, Karnataka. Pin-560035 (India)",FKN00GL0001,CAR,NULL,"[""NO PARKING""]",[113],2023-11-24 22:46:46+00,NULL,2023-11-24 23:00:24.115257+00,FKDEV00001,FKUSR00001,82,Bellandur,FALSE,No Junction,NULL,NULL,NULL,NULL,NULL,NULL
FKID000002,12.9254492,77.6185035,"Koramangala 2nd Block, Kormangala West, Bengaluru South City Corporation, Bengaluru, Bangalore South, Bengaluru Urban, Karnataka, 560034, India",FKN00GL0002,CAR,NULL,"[""WRONG PARKING"",""PARKING IN A MAIN ROAD""]","[112,107]",2023-11-20 00:27:46+00,NULL,2023-11-28 04:47:02.33776+00,FKDEV00000,FKUSR00000,9,Madiwala,TRUE,No Junction,NULL,NULL,FKN00GL0002,MAXI-CAB,approved,2023-11-30 03:08:56.998+00
FKID000003,12.956521,77.5186178,"6th Cross Road, Manasa Layout, Nagarbhavi, Bengaluru, Karnataka. Pin-560072 (India)",FKN00GL0003,SCOOTER,NULL,"[""NO PARKING""]",[113],2023-11-16 06:47:46+00,NULL,2023-11-18 04:46:57.216868+00,FKDEV00002,FKUSR00002,26,Byatarayanapura,TRUE,No Junction,NULL,NULL,FKN00GL0003,SCOOTER,approved,2023-11-18 23:35:12.428+00
FKID000004,12.9777667,77.5805453,"Kalidasa Road, Gandhinagar, Nehru Nagar, Bengaluru Central City Corporation, Bengaluru, Bangalore North, Bengaluru Urban, Karnataka, 560009, India",FKN00GL0004,TANKER,NULL,"[""NO PARKING""]",[113],2023-11-22 04:56:46+00,NULL,2023-11-28 02:44:50.46737+00,FKDEV00003,FKUSR00003,3,Upparpet,TRUE,BTP044 - Sagar Theatre Junction,NULL,NULL,FKN00GL0004,TANKER,approved,2023-11-30 03:11:32.796+00
FKID000005,12.9816772,77.6081248,"Dispensary Road, Tasker Town, Shivaji Nagar, Bengaluru, Karnataka. Pin-560001 (India)",FKN00GL0005,SCOOTER,NULL,"[""NO PARKING""]",[113],2023-11-28 07:04:46+00,NULL,2023-11-28 07:06:06.684969+00,FKDEV00004,FKUSR00004,16,Shivajinagar,TRUE,BTP051 - Safina Plaza Junction,NULL,NULL,FKN00GL0005,SCOOTER,approved,2023-11-30 04:32:19.24+00
FKID000006,12.9955535,77.6137265,"1st Cross Road, Silver Enclave, Frazer Town, Bengaluru, Karnataka. Pin-560005 (India)",FKN00GL0006,SCOOTER,NULL,"[""NO PARKING""]",[113],2023-11-28 06:55:46+00,NULL,2023-11-28 07:05:56.378259+00,FKDEV00005,FKUSR00005,14,Pulikeshinagar(F.Town),TRUE,No Junction,NULL,NULL,FKN00GL0006,SCOOTER,approved,2023-11-30 04:32:20.585+00
FKID000007,12.9978696,77.5438903,"Padmabhushan Dr MC Modi Road, Adarsha Layout, Basaveshwara Nagar, Bengaluru, Karnataka. Pin-560079 (India)",FKN00GL0007,SCOOTER,NULL,"[""WRONG PARKING""]",[112],2023-11-28 06:35:46+00,NULL,2023-11-28 07:04:59.161864+00,FKDEV00006,FKUSR00006,30,Vijayanagara,TRUE,BTP205 - Modi Hospital Junction,NULL,NULL,FKN00GL0007,SCOOTER,approved,2023-11-30 04:32:49.436+00
FKID000008,12.9954021,77.6139993,"Coles Road, Silver Enclave, Frazer Town, Bengaluru, Karnataka. Pin-560005 (India)",FKN00GL0008,PASSENGER AUTO,NULL,"[""NO PARKING""]",[113],2023-11-28 06:56:46+00,NULL,2023-11-28 07:04:24.450788+00,FKDEV00005,FKUSR00005,14,Pulikeshinagar(F.Town),TRUE,No Junction,NULL,NULL,FKN00GL0008,PASSENGER AUTO,approved,2023-11-30 04:34:24.617+00
FKID000009,12.9954054,77.6140177,"Coles Road, Silver Enclave, Frazer Town, Bengaluru, Karnataka. Pin-560005 (India)",FKN00GL0009,SCOOTER,NULL,"[""NO PARKING""]",[113],2023-11-28 06:57:46+00,NULL,2023-11-28 07:03:59.927111+00,FKDEV00005,FKUSR00005,14,Pulikeshinagar(F.Town),TRUE,No Junction,NULL,NULL,FKN00GL0009,SCOOTER,approved,2023-11-30 04:34:21.682+00
FKID000010,12.9760117,77.5995401,"Sri ML Subbaraju Road, Mahatma Gandhi Circle, Shivaji Nagar, Bengaluru, Karnataka. Pin-560001 (India)",FKN00GL0010,CAR,NULL,"[""WRONG PARKING""]",[112],2023-12-22 03:04:46+00,NULL,2023-12-22 03:09:54.679433+00,FKDEV00007,FKUSR00007,2,Cubbon Park,TRUE,No Junction,NULL,NULL,FKN00GL0010,CAR,rejected,2023-12-22 23:03:56.908+00
FKID000011,12.9977199,77.5444952,"Padmabhushan Dr MC Modi Road, Adarsha Layout, Basaveshwara Nagar, Bengaluru, Karnataka. Pin-560079 (India)",FKN00GL0011,CAR,NULL,"[""WRONG PARKING""]",[112],2023-11-28 06:34:46+00,NULL,2023-11-28 07:03:47.64517+00,FKDEV00006,FKUSR00006,30,Vijayanagara,TRUE,BTP205 - Modi Hospital Junction,NULL,NULL,FKN00GL0011,CAR,approved,2023-11-30 04:34:48.021+00
FKID000012,13.0081997,77.6933216,"MBT Road, Devasandra Junction, KR Puram, Bengaluru, Karnataka. Pin-560036 (India)",FKN00GL0012,CAR,NULL,"[""NO PARKING""]",[113],2023-11-17 19:01:46+00,NULL,2023-11-17 19:19:02.241512+00,FKDEV00008,FKUSR00008,15,K.R. Pura,TRUE,No Junction,NULL,NULL,FKN00GL0012,CAR,approved,2023-11-17 19:28:16.324+00
FKID000013,12.9815968,77.6079858,"Main Guard Cross Road, Tasker Town, Shivaji Nagar, Bengaluru, Karnataka. Pin-560001 (India)",FKN00GL0013,PASSENGER AUTO,NULL,"[""NO PARKING""]",[113],2023-11-28 07:01:46+00,NULL,2023-11-28 07:02:53.521097+00,FKDEV00004,FKUSR00004,16,Shivajinagar,TRUE,BTP051 - Safina Plaza Junction,NULL,NULL,FKN00GL0013,PASSENGER AUTO,approved,2023-11-30 04:35:40.148+00
FKID000014,12.9705743,77.5760169,"AS Char Main Road, Chickpete, Bengaluru, Karnataka. Pin-560053 (India)",FKN00GL0014,SCOOTER,NULL,"[""NO PARKING""]",[113],2023-12-19 03:51:46+00,NULL,2023-12-19 05:28:08.317588+00,FKDEV00009,FKUSR00009,28,City Market,FALSE,BTP043 - Upparpet Junction,NULL,NULL,NULL,NULL,NULL,NULL
FKID000015,12.9943783,77.61564,"Coles Road, Ranka D Paradise, Frazer Town, Bengaluru, Karnataka. Pin-560005 (India)",FKN00GL0015,SCOOTER,NULL,"[""NO PARKING""]",[113],2023-11-28 06:56:46+00,NULL,2023-11-28 07:00:43.68978+00,FKDEV00010,FKUSR00010,14,Pulikeshinagar(F.Town),TRUE,No Junction,NULL,NULL,FKN00GL0015,SCOOTER,approved,2023-11-30 04:37:39.874+00
FKID000016,12.9943783,77.61564,"Coles Road, Ranka D Paradise, Frazer Town, Bengaluru, Karnataka. Pin-560005 (India)",FKN00GL0016,SCOOTER,NULL,"[""NO PARKING""]",[113],2023-11-28 06:57:46+00,NULL,2023-11-28 07:00:45.101097+00,FKDEV00010,FKUSR00010,14,Pulikeshinagar(F.Town),TRUE,No Junction,NULL,NULL,FKN00GL0016,SCOOTER,approved,2023-11-30 04:37:34.994+00
FKID000017,12.994455,77.6155883,"Coles Road, Ranka D Paradise, Frazer Town, Bengaluru, Karnataka. Pin-560005 (India)",FKN00GL0017,SCOOTER,NULL,"[""NO PARKING""]",[113],2023-11-28 06:57:46+00,NULL,2023-11-28 07:01:28.276715+00,FKDEV00010,FKUSR00010,14,Pulikeshinagar(F.Town),TRUE,No Junction,NULL,NULL,FKN00GL0017,SCOOTER,rejected,2023-11-30 04:37:56.68+00
FKID000018,12.994455,77.6155883,"Coles Road, Ranka D Paradise, Frazer Town, Bengaluru, Karnataka. Pin-560005 (India)",FKN00GL0018,SCOOTER,NULL,"[""NO PARKING""]",[113],2023-11-28 07:00:46+00,NULL,2023-11-28 07:01:28.857912+00,FKDEV00010,FKUSR00010,14,Pulikeshinagar(F.Town),TRUE,No Junction,NULL,NULL,FKN00GL0018,SCOOTER,rejected,2023-11-30 04:37:58.282+00
FKID000019,12.912504769635532,77.63381218775751,"17th Cross Road, Sector 7, HSR Layout, Bengaluru, Karnataka. Pin-560102 (India)",FKN00GL0019,SCOOTER,NULL,"[""WRONG PARKING""]",[112],2023-11-26 08:11:46+00,NULL,2023-11-27 21:01:00.594232+00,FKDEV00011,FKUSR00011,45,HSR Layout,TRUE,No Junction,NULL,NULL,FKN00GL0019,SCOOTER,approved,2023-11-30 04:37:54.775+00
FKID000020,12.9818638,77.6076237,"Dispensary Road, Tasker Town, Shivaji Nagar, Bengaluru, Karnataka. Pin-560001 (India)",FKN00GL0020,SCOOTER,NULL,"[""WRONG PARKING""]",[112],2023-11-17 05:07:46+00,NULL,2023-11-17 05:14:46.028853+00,FKDEV00012,FKUSR00012,16,Shivajinagar,TRUE,BTP051 - Safina Plaza Junction,NULL,NULL,FKN00GL0020,SCOOTER,approved,2023-11-18 23:50:57.339+00
FKID000021,12.8788916,77.5455426,"Konanakunte Main Road, SV Jasmine, BCMC Layout, Raghuvanahalli, Bengaluru, Karnataka. Pin-560062 (India)",FKN00GL0021,SCOOTER,NULL,"[""WRONG PARKING""]",[112],2023-11-16 01:03:46+00,NULL,2023-11-18 04:35:36.175195+00,FKDEV00013,FKUSR00013,83,Thalagattapura,TRUE,No Junction,NULL,NULL,FKN00GL0021,SCOOTER,rejected,2023-11-18 23:52:14.338+00
FKID000022,13.0081888,77.6940167,"MBT Road, Devasandra Junction, KR Puram, Bengaluru, Karnataka. Pin-560036 (India)",FKN00GL0022,CAR,NULL,"[""NO PARKING""]",[113],2023-11-28 06:47:46+00,NULL,2023-11-28 06:58:07.026088+00,FKDEV00014,FKUSR00014,15,K.R. Pura,TRUE,No Junction,NULL,NULL,FKN00GL0022,CAR,approved,2023-11-30 04:39:10.109+00
FKID000023,12.899345,77.6755017,"Amrutha College Road, Azalea, Owners Court Layout, Kasavanahalli, Bengaluru, Karnataka. Pin-560035 (India)",FKN00GL0023,SCOOTER,NULL,"[""NO PARKING""]",[113],2023-11-20 02:20:46+00,NULL,2023-11-20 02:26:14.689345+00,FKDEV00015,FKUSR00015,82,Bellandur,FALSE,No Junction,NULL,NULL,NULL,NULL,NULL,NULL
FKID000024,12.934068071777288,77.68976915672452,"Outer Ring Road, Prestige Silver Crest, Kadubisanahalli, Bengaluru, Karnataka. Pin-560103 (India)",FKN00GL0024,MOTOR CYCLE,NULL,"[""WRONG PARKING"",""NO PARKING"",""PARKING NEAR BUSTOP/SCHOOL/HOSPITAL ETC"",""DOUBLE PARKING"",""PARKING OPPOSITE TO ANOTHER PARKED VEHICLE"",""PARKING IN A MAIN ROAD""]","[112,113,111,109,108,107]",2024-03-14 22:43:46+00,NULL,2024-03-14 23:14:11.93647+00,FKDEV00016,FKUSR00016,13,HAL Old Airport,TRUE,No Junction,NULL,2024-04-01 17:45:48.438875+00,FKN00GL0024,MOTOR CYCLE,approved,2024-04-12 23:12:41.345+00
FKID000025,12.989134,77.5925278,"Millers Road, BKM Gowda Circle, Vasant Nagar, Bengaluru, Karnataka. Pin-560001 (India)",FKN00GL0025,CAR,NULL,"[""WRONG PARKING""]",[112],2023-11-17 22:29:46+00,NULL,2023-11-17 22:34:13.712901+00,FKDEV00017,FKUSR00017,11,High ground,TRUE,BTP034 - LRDE Junction,NULL,NULL,FKN00GL0025,CAR,approved,2023-11-18 23:56:21.58+00
FKID000026,12.9765458,77.5774892,"5th Main Road, Kempe Gowda Circle, Gandhi Nagar, Bengaluru, Karnataka. Pin-560009 (India)",FKN00GL0026,CAR,NULL,"[""WRONG PARKING""]",[112],2023-11-28 06:46:46+00,NULL,2023-11-28 06:56:30.473282+00,FKDEV00018,FKUSR00018,3,Upparpet,TRUE,BTP040 - Elite Junction,NULL,NULL,FKN00GL0026,CAR,approved,2023-11-30 04:40:09.759+00
FKID000027,12.934068071777288,77.68976915672452,"Outer Ring Road, Prestige Silver Crest, Kadubisanahalli, Bengaluru, Karnataka. Pin-560103 (India)",FKN00GL0027,SCOOTER,NULL,"[""NO PARKING"",""WRONG PARKING"",""PARKING NEAR BUSTOP/SCHOOL/HOSPITAL ETC"",""DOUBLE PARKING"",""PARKING OPPOSITE TO ANOTHER PARKED VEHICLE"",""PARKING IN A MAIN ROAD""]","[113,112,111,109,108,107]",2024-03-14 23:10:46+00,NULL,2024-03-14 23:14:14.764896+00,FKDEV00016,FKUSR00016,13,HAL Old Airport,TRUE,No Junction,NULL,2024-04-01 17:45:48.456546+00,FKN00GL0027,SCOOTER,approved,2024-04-14 00:00:39.648+00
FKID000028,12.9763636,77.577423,"5th Main Road, Kempe Gowda Circle, Gandhi Nagar, Bengaluru, Karnataka. Pin-560009 (India)",FKN00GL0028,CAR,NULL,"[""WRONG PARKING""]",[112],2023-11-28 06:48:46+00,NULL,2023-11-28 06:56:33.260037+00,FKDEV00018,FKUSR00018,3,Upparpet,TRUE,BTP040 - Elite Junction,NULL,NULL,FKN00GL0028,CAR,approved,2023-11-30 04:40:16.959+00
FKID000029,12.9766493,77.5773587,"5th Main Road, Kempe Gowda Circle, Gandhi Nagar, Bengaluru, Karnataka. Pin-560009 (India)",FKN00GL0029,CAR,NULL,"[""WRONG PARKING""]",[112],2023-11-28 06:44:46+00,NULL,2023-11-28 06:56:28.143198+00,FKDEV00018,FKUSR00018,3,Upparpet,TRUE,BTP040 - Elite Junction,NULL,NULL,FKN00GL0029,CAR,approved,2023-11-30 04:40:20.66+00
FKID000030,12.9170676,77.6516121,"27th Main Road, Sector 1, HSR Layout, Bengaluru, Karnataka. Pin-560102 (India)",FKN00GL0030,SCOOTER,NULL,"[""WRONG PARKING""]",[112],2023-11-17 08:10:46+00,NULL,2023-11-17 19:18:44.598596+00,FKDEV00019,FKUSR00019,45,HSR Layout,TRUE,No Junction,NULL,NULL,FKN00GL0030,SCOOTER,approved,2023-11-17 19:28:22.477+00
FKID000031,13.008236,77.6938222,"MBT Road, Devasandra Junction, KR Puram, Bengaluru, Karnataka. Pin-560036 (India)",FKN00GL0031,SCOOTER,NULL,"[""NO PARKING""]",[113],2023-11-17 18:42:46+00,NULL,2023-11-17 19:15:29.162726+00,FKDEV00008,FKUSR00008,15,K.R. Pura,TRUE,No Junction,NULL,NULL,FKN00GL0031,SCOOTER,approved,2023-11-17 19:28:57.542+00
FKID000032,12.9739617,77.5783701,"Maharaja Times, 8th Cross Road, Balepet, Chikkapete, Chickpete, Bengaluru Central City Corporation, Bengaluru, Bangalore North, Bengaluru Urban, Karnataka, 560053, India",FKN00GL0032,CAR,NULL,"[""WRONG PARKING""]",[112],2024-03-10 06:12:46+00,NULL,2024-03-10 08:07:07.025136+00,FKDEV00020,FKUSR00020,3,Upparpet,FALSE,BTP044 - Sagar Theatre Junction,NULL,NULL,NULL,NULL,NULL,NULL
FKID000033,13.0665088,77.5702131,"Kodigehalli Road, Virupakshapura, Bengaluru, Karnataka. Pin-560097 (India)",FKN00GL0033,CAR,NULL,"[""WRONG PARKING""]",[112],2024-03-10 05:22:46+00,NULL,2024-03-10 08:08:54.432531+00,FKDEV00021,FKUSR00021,NULL,Kodigehalli,FALSE,No Junction,NULL,NULL,NULL,NULL,NULL,NULL
FKID000034,13.0636063,77.5719658,"Kodigehalli Road, Virupakshapura, Bengaluru, Karnataka. Pin-560097 (India)",FKN00GL0034,CAR,NULL,"[""WRONG PARKING""]",[112],2024-03-10 05:25:46+00,NULL,2024-03-10 08:08:55.27449+00,FKDEV00021,FKUSR00021,NULL,Kodigehalli,FALSE,No Junction,NULL,NULL,NULL,NULL,NULL,NULL
FKID000035,13.0636063,77.5719658,"Kodigehalli Road, Sri Chigaru Marappa Circle, Virupakshapura, Bengaluru, Karnataka. Pin-560097 (India)",FKN00GL0035,CAR,NULL,"[""WRONG PARKING""]",[112],2024-03-10 05:30:46+00,NULL,2024-03-10 08:08:56.201181+00,FKDEV00021,FKUSR00021,NULL,Kodigehalli,FALSE,No Junction,NULL,NULL,NULL,NULL,NULL,NULL
FKID000036,13.0635231,77.5720156,"Kodigehalli Road, Sri Chigaru Marappa Circle, Virupakshapura, Bengaluru, Karnataka. Pin-560097 (India)",FKN00GL0036,GOODS AUTO,NULL,"[""WRONG PARKING""]",[112],2024-03-10 05:30:46+00,NULL,2024-03-10 08:08:56.891983+00,FKDEV00021,FKUSR00021,NULL,Kodigehalli,FALSE,No Junction,NULL,NULL,NULL,NULL,NULL,NULL
FKID000037,13.0453131,77.5055565,"Nelagadaranahalli Main Road, Nelakadirena Halli, T Dasarahalli, Bengaluru, Karnataka. Pin-560073 (India)",FKN00GL0037,SCOOTER,NULL,"[""WRONG PARKING""]",[112],2023-11-17 21:28:46+00,NULL,2023-11-17 21:53:25.671301+00,FKDEV00022,FKUSR00022,20,Peenya,TRUE,No Junction,NULL,NULL,FKN00GL0037,SCOOTER,approved,2023-11-18 23:57:21.917+00
FKID000038,12.996202,77.5631413,"4th Main Road, Nagappa Block, Srirampuram, Bengaluru, Karnataka. Pin-560021 (India)",FKN00GL0038,SCOOTER,NULL,"[""NO PARKING""]",[113],2023-11-18 04:42:46+00,NULL,2023-11-18 04:43:45.833175+00,FKDEV00023,FKUSR00023,87,Sheshadripuram,TRUE,No Junction,NULL,NULL,FKN00GL0038,SCOOTER,approved,2023-11-19 00:00:51.76+00
FKID000039,12.9701331,77.6412858,"12th Main Road, Sony World Junction, Indiranagar, Bengaluru, Karnataka. Pin-560008 (India)",FKN00GL0039,CAR,NULL,"[""NO PARKING""]",[113],2023-11-17 04:25:46+00,NULL,2023-11-17 04:45:11.769215+00,FKDEV00024,FKUSR00024,4,Jeevanbheemanagar,TRUE,No Junction,NULL,NULL,FKN00GL0039,CAR,approved,2023-11-19 00:00:50.531+00
FKID000040,13.0067231,77.6877788,"MBT Road, ITI Township, KR Puram, Bengaluru, Karnataka. Pin-560016 (India)",FKN00GL0040,VAN,NULL,"[""WRONG PARKING""]",[112],2023-11-17 20:26:46+00,NULL,2023-11-17 21:36:53.353294+00,FKDEV00025,FKUSR00025,15,K.R. Pura,TRUE,No Junction,NULL,NULL,FKN00GL0040,VAN,approved,2023-11-19 00:06:37.13+00
FKID000041,12.9397103,77.6954773,"Kadubeesanahalli Underpass, Kadubisanahalli Junction, Kadubisanahalli, Bengaluru, Karnataka. Pin-560103 (India)",FKN00GL0041,CAR,NULL,"[""PARKING IN A MAIN ROAD"",""WRONG PARKING""]","[107,112]",2023-11-22 01:15:46+00,NULL,2023-11-27 21:53:35.740497+00,FKDEV00026,FKUSR00026,13,HAL Old Airport,TRUE,No Junction,NULL,NULL,FKN00GL0041,CAR,approved,2023-11-30 04:45:45.058+00
FKID000042,13.0714811,77.5677451,"Kodigehalli Road, Uthallappa Layout, Thindlu, Bengaluru, Karnataka. Pin-560097 (India)",FKN00GL0042,CAR,NULL,"[""WRONG PARKING""]",[112],2024-03-10 05:17:46+00,NULL,2024-03-10 08:09:48.691762+00,FKDEV00021,FKUSR00021,NULL,Kodigehalli,FALSE,No Junction,NULL,NULL,NULL,NULL,NULL,NULL
FKID000043,12.9397348,77.6955295,"Kadubeesanahalli Underpass, Kadubisanahalli Junction, Kadubisanahalli, Bengaluru, Karnataka. Pin-560103 (India)",FKN00GL0043,CAR,NULL,"[""PARKING IN A MAIN ROAD"",""WRONG PARKING""]","[107,112]",2023-11-22 01:14:46+00,NULL,2023-11-27 21:53:32.437605+00,FKDEV00026,FKUSR00026,13,HAL Old Airport,TRUE,No Junction,NULL,NULL,FKN00GL0043,MAXI-CAB,approved,2023-11-30 04:45:54.483+00
FKID000044,12.9755693,77.5816368,"Y Ramachandra Road, Maharani College Junction, Gandhi Nagar, Bengaluru, Karnataka. Pin-560009 (India)",FKN00GL0044,CAR,NULL,"[""NO PARKING""]",[113],2023-12-17 06:07:46+00,NULL,2023-12-19 05:20:21.200377+00,FKDEV00027,FKUSR00027,3,Upparpet,FALSE,BTP038 - Mysore Bank Junction,NULL,NULL,NULL,NULL,NULL,NULL
FKID000045,12.9397473,77.6955013,"Kadubeesanahalli Underpass, Kadubisanahalli Junction, Kadubisanahalli, Bengaluru, Karnataka. Pin-560103 (India)",FKN00GL0045,CAR,NULL,"[""PARKING IN A MAIN ROAD"",""WRONG PARKING""]","[107,112]",2023-11-22 01:14:46+00,NULL,2023-11-27 21:53:34.896522+00,FKDEV00026,FKUSR00026,13,HAL Old Airport,TRUE,No Junction,NULL,NULL,FKN00GL0045,MAXI-CAB,approved,2023-11-30 04:46:07.88+00
FKID000046,12.9397338,77.6954854,"Kadubeesanahalli Underpass, Kadubisanahalli Junction, Kadubisanahalli, Bengaluru, Karnataka. Pin-560103 (India)",FKN00GL0046,CAR,NULL,"[""PARKING IN A MAIN ROAD"",""WRONG PARKING""]","[107,112]",2023-11-22 01:14:46+00,NULL,2023-11-27 21:53:33.137219+00,FKDEV00026,FKUSR00026,13,HAL Old Airport,TRUE,No Junction,NULL,NULL,FKN00GL0046,MAXI-CAB,approved,2023-11-30 04:46:30.965+00
FKID000047,12.8418527,77.6453018,"Neeladri Road, Ajmera Annex, Karuna Nagar, Doddathogur, Bengaluru, Karnataka. Pin-560100 (India)",FKN00GL0047,SCOOTER,NULL,"[""WRONG PARKING""]",[112],2024-03-10 07:10:46+00,NULL,2024-03-10 07:43:19.027147+00,FKDEV00028,FKUSR00028,38,Electronic City,FALSE,No Junction,NULL,NULL,NULL,NULL,NULL,NULL
FKID000048,12.8418527,77.6453018,"Neeladri Road, Ajmera Annex, Karuna Nagar, Doddathogur, Bengaluru, Karnataka. Pin-560100 (India)",FKN00GL0047,SCOOTER,NULL,"[""WRONG PARKING""]",[112],2024-03-10 07:10:46+00,NULL,2024-03-10 07:43:20.888249+00,FKDEV00028,FKUSR00028,38,Electronic City,FALSE,No Junction,NULL,NULL,NULL,NULL,NULL,NULL
FKID000049,12.8418527,77.6453018,"Neeladri Road, Ajmera Annex, Karuna Nagar, Doddathogur, Bengaluru, Karnataka. Pin-560100 (India)",FKN00GL0047,SCOOTER,NULL,"[""WRONG PARKING""]",[112],2024-03-10 07:10:46+00,NULL,2024-03-10 07:43:35.793398+00,FKDEV00028,FKUSR00028,38,Electronic City,FALSE,No Junction,NULL,NULL,NULL,NULL,NULL,NULL
FKID000050,12.8418833,77.6453453,"Neeladri Road, Ajmera Annex, Karuna Nagar, Doddathogur, Bengaluru, Karnataka. Pin-560100 (India)",FKN00GL0048,MOTOR CYCLE,NULL,"[""WRONG PARKING""]",[112],2024-03-10 07:10:46+00,NULL,2024-03-10 07:43:34.565101+00,FKDEV00028,FKUSR00028,38,Electronic City,FALSE,No Junction,NULL,NULL,NULL,NULL,NULL,NULL
FKID000051,12.8418833,77.6453453,"Neeladri Road, Ajmera Annex, Karuna Nagar, Doddathogur, Bengaluru, Karnataka. Pin-560100 (India)",FKN00GL0048,MOTOR CYCLE,NULL,"[""WRONG PARKING""]",[112],2024-03-10 07:10:46+00,NULL,2024-03-10 07:43:41.075058+00,FKDEV00028,FKUSR00028,38,Electronic City,FALSE,No Junction,NULL,NULL,NULL,NULL,NULL,NULL
FKID000052,12.8418833,77.6453453,"Neeladri Road, Ajmera Annex, Karuna Nagar, Doddathogur, Bengaluru, Karnataka. Pin-560100 (India)",FKN00GL0048,MOTOR CYCLE,NULL,"[""WRONG PARKING""]",[112],2024-03-10 07:10:46+00,NULL,2024-03-10 07:43:42.233339+00,FKDEV00028,FKUSR00028,38,Electronic City,FALSE,No Junction,NULL,NULL,NULL,NULL,NULL,NULL
FKID000053,12.8418833,77.6453453,"Neeladri Road, Ajmera Annex, Karuna Nagar, Doddathogur, Bengaluru, Karnataka. Pin-560100 (India)",FKN00GL0048,MOTOR CYCLE,NULL,"[""WRONG PARKING""]",[112],2024-03-10 07:10:46+00,NULL,2024-03-10 07:44:01.194339+00,FKDEV00028,FKUSR00028,38,Electronic City,FALSE,No Junction,NULL,NULL,NULL,NULL,NULL,NULL
FKID000054,12.8419042,77.6454993,"Neeladri Road, Ajmera Annex, Karuna Nagar, Doddathogur, Bengaluru, Karnataka. Pin-560100 (India)",FKN00GL0049,SCOOTER,NULL,"[""WRONG PARKING""]",[112],2024-03-10 07:11:46+00,NULL,2024-03-10 07:43:58.209654+00,FKDEV00028,FKUSR00028,38,Electronic City,FALSE,No Junction,NULL,NULL,NULL,NULL,NULL,NULL
FKID000055,12.8419042,77.6454993,"Neeladri Road, Ajmera Annex, Karuna Nagar, Doddathogur, Bengaluru, Karnataka. Pin-560100 (India)",FKN00GL0049,SCOOTER,NULL,"[""WRONG PARKING""]",[112],2024-03-10 07:11:46+00,NULL,2024-03-10 07:44:00.633755+00,FKDEV00028,FKUSR00028,38,Electronic City,FALSE,No Junction,NULL,NULL,NULL,NULL,NULL,NULL
FKID000056,12.8419042,77.6454993,"Neeladri Road, Ajmera Annex, Karuna Nagar, Doddathogur, Bengaluru, Karnataka. Pin-560100 (India)",FKN00GL0049,SCOOTER,NULL,"[""WRONG PARKING""]",[112],2024-03-10 07:11:46+00,NULL,2024-03-10 07:44:12.780732+00,FKDEV00028,FKUSR00028,38,Electronic City,FALSE,No Junction,NULL,NULL,NULL,NULL,NULL,NULL
FKID000057,12.841905,77.6455267,"Neeladri Road, Ajmera Annex, Karuna Nagar, Doddathogur, Bengaluru, Karnataka. Pin-560100 (India)",FKN00GL0050,MOTOR CYCLE,NULL,"[""WRONG PARKING""]",[112],2024-03-10 07:11:46+00,NULL,2024-03-10 07:44:39.679082+00,FKDEV00028,FKUSR00028,38,Electronic City,FALSE,No Junction,NULL,NULL,NULL,NULL,NULL,NULL
FKID000058,12.8419016,77.6455174,"Neeladri Road, Ajmera Annex, Karuna Nagar, Doddathogur, Bengaluru, Karnataka. Pin-560100 (India)",FKN00GL0051,SCOOTER,NULL,"[""WRONG PARKING""]",[112],2024-03-10 07:12:46+00,NULL,2024-03-10 07:44:22.239734+00,FKDEV00028,FKUSR00028,38,Electronic City,FALSE,No Junction,NULL,NULL,NULL,NULL,NULL,NULL
FKID000059,12.8419016,77.6455174,"Neeladri Road, Ajmera Annex, Karuna Nagar, Doddathogur, Bengaluru, Karnataka. Pin-560100 (India)",FKN00GL0051,SCOOTER,NULL,"[""WRONG PARKING""]",[112],2024-03-10 07:12:46+00,NULL,2024-03-10 07:44:40.555696+00,FKDEV00028,FKUSR00028,38,Electronic City,FALSE,No Junction,NULL,NULL,NULL,NULL,NULL,NULL
FKID000060,12.8419016,77.6455174,"Neeladri Road, Ajmera Annex, Karuna Nagar, Doddathogur, Bengaluru, Karnataka. Pin-560100 (India)",FKN00GL0052,MOTOR CYCLE,NULL,"[""WRONG PARKING""]",[112],2024-03-10 07:34:46+00,NULL,2024-03-10 07:44:23.62892+00,FKDEV00028,FKUSR00028,38,Electronic City,FALSE,No Junction,NULL,NULL,NULL,NULL,NULL,NULL
FKID000061,12.8419016,77.6455174,"Neeladri Road, Ajmera Annex, Karuna Nagar, Doddathogur, Bengaluru, Karnataka. Pin-560100 (India)",FKN00GL0052,MOTOR CYCLE,NULL,"[""WRONG PARKING""]",[112],2024-03-10 07:34:46+00,NULL,2024-03-10 07:44:31.336282+00,FKDEV00028,FKUSR00028,38,Electronic City,FALSE,No Junction,NULL,NULL,NULL,NULL,NULL,NULL
FKID000062,12.9940425,77.5891127,"Palace Road, Kumar Park, Vasant Nagar, Bengaluru, Karnataka. Pin-560001 (India)",FKN00GL0053,SCOOTER,NULL,"[""NO PARKING""]",[113],2023-11-28 21:22:46+00,NULL,2023-11-28 21:25:23.400315+00,FKDEV00029,FKUSR00029,11,High ground,TRUE,BTP032 - Windsor Circle,NULL,NULL,FKN00GL0053,SCOOTER,approved,2023-11-30 04:47:14.559+00
FKID000063,12.9349413,77.5364074,"8th Main Road, Veerannana Guda, Veerabhadra Nagar, Banashankari Stage 3, Bengaluru, Karnataka. Pin-560085 (India)",FKN00GL0054,SCOOTER,NULL,"[""NO PARKING""]",[113],2023-11-28 21:20:46+00,NULL,2023-11-28 21:21:50.796112+00,FKDEV00030,FKUSR00030,23,Banashankari,TRUE,No Junction,NULL,NULL,FKN00GL0054,SCOOTER,approved,2023-11-30 04:47:28.887+00
FKID000064,12.8419016,77.6455174,"Neeladri Road, Ajmera Annex, Karuna Nagar, Doddathogur, Bengaluru, Karnataka. Pin-560100 (India)",FKN00GL0052,MOTOR CYCLE,NULL,"[""WRONG PARKING""]",[112],2024-03-10 07:34:46+00,NULL,2024-03-10 07:44:35.235754+00,FKDEV00028,FKUSR00028,38,Electronic City,FALSE,No Junction,NULL,NULL,NULL,NULL,NULL,NULL
FKID000065,12.9396829,77.6955035,"Kadubeesanahalli Underpass, Kadubisanahalli Junction, Kadubisanahalli, Bengaluru, Karnataka. Pin-560103 (India)",FKN00GL0055,LGV,NULL,"[""PARKING IN A MAIN ROAD"",""WRONG PARKING""]","[107,112]",2023-11-22 01:15:46+00,NULL,2023-11-27 21:53:37.109828+00,FKDEV00026,FKUSR00026,13,HAL Old Airport,TRUE,No Junction,NULL,NULL,FKN00GL0055,LGV,approved,2023-11-30 04:47:19.527+00
FKID000066,12.9397901,77.6954983,"Outer Ring Road, Kadubisanahalli Junction, Kadubisanahalli, Bengaluru, Karnataka. Pin-560103 (India)",FKN00GL0056,CAR,NULL,"[""PARKING IN A MAIN ROAD"",""WRONG PARKING""]","[107,112]",2023-11-22 01:14:46+00,NULL,2023-11-27 21:53:33.833735+00,FKDEV00026,FKUSR00026,13,HAL Old Airport,TRUE,No Junction,NULL,NULL,FKN00GL0057,MAXI-CAB,approved,2023-11-30 04:47:10.223+00
FKID000067,12.8419016,77.6455174,"Neeladri Road, Ajmera Annex, Karuna Nagar, Doddathogur, Bengaluru, Karnataka. Pin-560100 (India)",FKN00GL0052,MOTOR CYCLE,NULL,"[""WRONG PARKING""]",[112],2024-03-10 07:34:46+00,NULL,2024-03-10 07:44:36.591485+00,FKDEV00028,FKUSR00028,38,Electronic City,FALSE,No Junction,NULL,NULL,NULL,NULL,NULL,NULL
FKID000068,12.8419016,77.6455174,"Neeladri Road, Ajmera Annex, Karuna Nagar, Doddathogur, Bengaluru, Karnataka. Pin-560100 (India)",FKN00GL0052,MOTOR CYCLE,NULL,"[""WRONG PARKING""]",[112],2024-03-10 07:34:46+00,NULL,2024-03-10 07:44:41.68644+00,FKDEV00028,FKUSR00028,38,Electronic City,FALSE,No Junction,NULL,NULL,NULL,NULL,NULL,NULL
FKID000069,12.99600071315529,77.69450963523893,"Whitefield Road, VR Mall, Dyavasandra Industrial Estate Phase 2, Mahadevapura, Bengaluru, Karnataka. Pin-560048 (India)",FKN00GL0058,PASSENGER AUTO,NULL,"[""PARKING IN A MAIN ROAD"",""NO PARKING"",""PARKING NEAR BUSTOP/SCHOOL/HOSPITAL ETC""]","[107,113,111]",2024-03-10 07:44:46+00,NULL,2024-03-10 07:45:49.171532+00,FKDEV00031,FKUSR00031,84,Mahadevapura,FALSE,No Junction,NULL,NULL,NULL,NULL,NULL,NULL
FKID000070,12.89209527630706,77.63817775007108,"Electronics City Flyover, Ozone Manay Tech Park, Garvebhavi Palya, Bengaluru, Karnataka. Pin-560068 (India)",FKN00GL0059,PASSENGER AUTO,NULL,"[""WRONG PARKING""]",[112],2024-03-10 07:33:46+00,NULL,2024-03-10 07:46:12.384595+00,FKDEV00032,FKUSR00032,45,HSR Layout,FALSE,No Junction,NULL,NULL,NULL,NULL,NULL,NULL
FKID000071,12.99600071315529,77.69450963523893,"Whitefield Road, VR Mall, Dyavasandra Industrial Estate Phase 2, Mahadevapura, Bengaluru, Karnataka. Pin-560048 (India)",FKN00GL0060,PASSENGER AUTO,NULL,"[""PARKING IN A MAIN ROAD"",""NO PARKING"",""PARKING NEAR BUSTOP/SCHOOL/HOSPITAL ETC""]","[107,113,111]",2024-03-10 07:44:46+00,NULL,2024-03-10 07:46:13.074076+00,FKDEV00031,FKUSR00031,84,Mahadevapura,FALSE,No Junction,NULL,NULL,NULL,NULL,NULL,NULL
FKID000072,12.9397541,77.6956221,"Kadubeesanahalli Underpass, Kadubisanahalli Junction, Kadubisanahalli, Bengaluru, Karnataka. Pin-560103 (India)",FKN00GL0061,CAR,NULL,"[""PARKING IN A MAIN ROAD"",""WRONG PARKING""]","[107,112]",2023-11-22 01:14:46+00,NULL,2023-11-27 21:53:30.95484+00,FKDEV00026,FKUSR00026,13,HAL Old Airport,TRUE,No Junction,NULL,NULL,FKN00GL0061,MAXI-CAB,approved,2023-11-30 04:47:38.844+00
FKID000073,12.9270323,77.6781702,"Outer Ring Road, Bellandur, Bengaluru, Karnataka. Pin-560103 (India)",FKN00GL0062,PASSENGER AUTO,NULL,"[""NO PARKING""]",[113],2023-11-17 22:36:46+00,NULL,2023-11-17 22:49:59.416556+00,FKDEV00033,FKUSR00033,82,Bellandur,TRUE,No Junction,NULL,NULL,FKN00GL0063,PASSENGER AUTO,approved,2023-11-19 00:11:15.291+00
FKID000074,12.89209527630706,77.63817775007108,"Electronics City Flyover, Ozone Manay Tech Park, Garvebhavi Palya, Bengaluru, Karnataka. Pin-560068 (India)",FKN00GL0064,SCOOTER,NULL,"[""WRONG PARKING""]",[112],2024-03-10 07:33:46+00,NULL,2024-03-10 07:46:15.591721+00,FKDEV00032,FKUSR00032,45,HSR Layout,FALSE,No Junction,NULL,NULL,NULL,NULL,NULL,NULL
FKID000075,12.9397529,77.6956764,"Kadubeesanahalli Underpass, Indiqube Alpha, Reddy Layout, Kadubisanahalli, Bengaluru, Karnataka. Pin-560103 (India)",FKN00GL0065,CAR,NULL,"[""PARKING IN A MAIN ROAD"",""NO PARKING""]","[107,113]",2023-11-22 01:13:46+00,NULL,2023-11-27 21:53:25.561273+00,FKDEV00026,FKUSR00026,13,HAL Old Airport,TRUE,No Junction,NULL,NULL,FKN00GL0065,MAXI-CAB,approved,2023-11-30 04:51:23.525+00
FKID000076,12.9995616,77.6742793,"Outer Ring Road, Dargah Mohalla, Mahadevapura, Bengaluru, Karnataka. Pin-560016 (India)",FKN00GL0066,CAR,NULL,"[""WRONG PARKING""]",[112],2023-12-24 20:08:46+00,NULL,2023-12-24 20:18:50.277616+00,FKDEV00034,FKUSR00034,34,Banaswadi,FALSE,No Junction,NULL,NULL,NULL,NULL,NULL,NULL
FKID000077,12.9397481,77.695636,"Kadubeesanahalli Underpass, Kadubisanahalli Junction, Kadubisanahalli, Bengaluru, Karnataka. Pin-560103 (India)",FKN00GL0067,CAR,NULL,"[""PARKING IN A MAIN ROAD"",""WRONG PARKING""]","[107,112]",2023-11-22 01:13:46+00,NULL,2023-11-27 21:53:27.696925+00,FKDEV00026,FKUSR00026,13,HAL Old Airport,TRUE,No Junction,NULL,NULL,FKN00GL0067,MAXI-CAB,approved,2023-11-30 04:51:43.054+00
FKID000078,12.9770657,77.5772568,"5th Main Road, Kempe Gowda Circle, Gandhi Nagar, Bengaluru, Karnataka. Pin-560009 (India)",FKN00GL0068,SCOOTER,NULL,"[""WRONG PARKING""]",[112],2023-11-17 04:32:46+00,NULL,2023-11-17 04:37:11.772887+00,FKDEV00035,FKUSR00035,3,Upparpet,TRUE,BTP040 - Elite Junction,NULL,NULL,FKN00GL0069,SCOOTER,approved,2023-11-19 00:18:20.555+00
FKID000079,12.9994274,77.5496108,"10th Cross Road, Block 1, Rajaji Nagar, Bengaluru, Karnataka. Pin-560010 (India)",FKN00GL0070,MOPED,NULL,"[""WRONG PARKING""]",[112],2024-04-07 23:04:46+00,NULL,2024-04-09 21:13:52.158557+00,FKDEV00036,FKUSR00036,6,Rajajinagar,FALSE,BTP027 - Modi Bridge Junction,NULL,NULL,NULL,NULL,NULL,NULL
FKID000080,12.9397529,77.6956764,"Kadubeesanahalli Underpass, Indiqube Alpha, Reddy Layout, Kadubisanahalli, Bengaluru, Karnataka. Pin-560103 (India)",FKN00GL0071,PASSENGER AUTO,NULL,"[""PARKING IN A MAIN ROAD"",""WRONG PARKING""]","[107,112]",2023-11-22 01:13:46+00,NULL,2023-11-27 21:53:26.600682+00,FKDEV00026,FKUSR00026,13,HAL Old Airport,TRUE,No Junction,NULL,NULL,FKN00GL0071,PASSENGER AUTO,approved,2023-11-30 04:53:23.709+00
FKID000081,12.891004495003813,77.63878863241251,"Electronics City Flyover, Krishna Reddy Industrial Area, Garvebhavi Palya, Bengaluru, Karnataka. Pin-560068 (India)",FKN00GL0072,CAR,NULL,"[""NO PARKING""]",[113],2024-03-10 07:48:46+00,NULL,2024-03-10 07:52:45.948581+00,FKDEV00032,FKUSR00032,45,HSR Layout,FALSE,No Junction,NULL,NULL,NULL,NULL,NULL,NULL
FKID000082,12.9396573,77.6956901,"Kadubeesanahalli Underpass, Indiqube Alpha, Reddy Layout, Kadubisanahalli, Bengaluru, Karnataka. Pin-560103 (India)",FKN00GL0073,CAR,NULL,"[""PARKING IN A MAIN ROAD"",""WRONG PARKING""]","[107,112]",2023-11-22 01:12:46+00,NULL,2023-11-27 21:53:21.527785+00,FKDEV00026,FKUSR00026,13,HAL Old Airport,TRUE,No Junction,NULL,NULL,FKN00GL0073,MAXI-CAB,approved,2023-11-30 04:53:52.443+00
FKID000083,12.9170676,77.6516121,"27th Main Road, Sector 1, HSR Layout, Bengaluru, Karnataka. Pin-560102 (India)",FKN00GL0074,MOTOR CYCLE,NULL,"[""WRONG PARKING""]",[112],2023-11-17 08:10:46+00,NULL,2023-11-17 19:17:53.808358+00,FKDEV00019,FKUSR00019,45,HSR Layout,TRUE,No Junction,NULL,NULL,FKN00GL0074,MOTOR CYCLE,rejected,2023-11-17 19:28:38.788+00
FKID000084,12.9397481,77.695636,"Kadubeesanahalli Underpass, Kadubisanahalli Junction, Kadubisanahalli, Bengaluru, Karnataka. Pin-560103 (India)",FKN00GL0075,PASSENGER AUTO,NULL,"[""PARKING IN A MAIN ROAD"",""WRONG PARKING""]","[107,112]",2023-11-22 01:13:46+00,NULL,2023-11-27 21:53:28.606545+00,FKDEV00026,FKUSR00026,13,HAL Old Airport,TRUE,No Junction,NULL,NULL,FKN00GL0075,PASSENGER AUTO,approved,2023-11-30 04:54:13.179+00
FKID000085,12.9396691,77.6958935,"Kadubeesanahalli Underpass, Indiqube Alpha, Reddy Layout, Kadubisanahalli, Bengaluru, Karnataka. Pin-560103 (India)",FKN00GL0076,CAR,NULL,"[""PARKING IN A MAIN ROAD"",""WRONG PARKING""]","[107,112]",2023-11-22 01:12:46+00,NULL,2023-11-27 21:53:18.300679+00,FKDEV00026,FKUSR00026,13,HAL Old Airport,TRUE,No Junction,NULL,NULL,FKN00GL0076,MAXI-CAB,approved,2023-11-30 04:54:41.859+00
FKID000086,12.934068071777288,77.68976915672452,"Outer Ring Road, Prestige Silver Crest, Kadubisanahalli, Bengaluru, Karnataka. Pin-560103 (India)",FKN00GL0077,MOTOR CYCLE,NULL,"[""NO PARKING"",""WRONG PARKING"",""PARKING NEAR BUSTOP/SCHOOL/HOSPITAL ETC"",""DOUBLE PARKING"",""PARKING OPPOSITE TO ANOTHER PARKED VEHICLE"",""PARKING IN A MAIN ROAD""]","[113,112,111,109,108,107]",2024-03-14 22:43:46+00,NULL,2024-03-14 23:18:08.644025+00,FKDEV00016,FKUSR00016,13,HAL Old Airport,TRUE,No Junction,NULL,2024-04-01 17:51:36.704312+00,FKN00GL0077,MOTOR CYCLE,approved,2024-04-12 23:13:48.715+00
FKID000087,12.939753,77.6955866,"Kadubeesanahalli Underpass, Kadubisanahalli Junction, Kadubisanahalli, Bengaluru, Karnataka. Pin-560103 (India)",FKN00GL0078,CAR,NULL,"[""PARKING IN A MAIN ROAD"",""WRONG PARKING""]","[107,112]",2023-11-22 01:12:46+00,NULL,2023-11-27 21:53:20.690868+00,FKDEV00026,FKUSR00026,13,HAL Old Airport,TRUE,No Junction,NULL,NULL,FKN00GL0079,MAXI-CAB,approved,2023-11-30 04:55:14.545+00
FKID000088,12.9397587,77.6956421,"Kadubeesanahalli Underpass, Kadubisanahalli Junction, Kadubisanahalli, Bengaluru, Karnataka. Pin-560103 (India)",FKN00GL0080,PASSENGER AUTO,NULL,"[""PARKING IN A MAIN ROAD"",""WRONG PARKING""]","[107,112]",2023-11-22 01:14:46+00,NULL,2023-11-27 21:53:29.586964+00,FKDEV00026,FKUSR00026,13,HAL Old Airport,TRUE,No Junction,NULL,NULL,FKN00GL0080,PASSENGER AUTO,approved,2023-11-30 04:55:41.24+00
FKID000089,12.9816248,77.6080905,"Dispensary Road, Tasker Town, Shivaji Nagar, Bengaluru, Karnataka. Pin-560001 (India)",FKN00GL0081,SCOOTER,NULL,"[""WRONG PARKING""]",[112],2023-11-17 04:30:46+00,NULL,2023-11-17 04:34:01.662112+00,FKDEV00037,FKUSR00037,16,Shivajinagar,TRUE,BTP051 - Safina Plaza Junction,NULL,NULL,FKN00GL0081,SCOOTER,approved,2023-11-19 00:26:03.869+00
FKID000090,13.18429,77.679765,"Unnamed Road, Begur Chikkanahalli, Bengaluru, Karnataka. Pin-562149 (India)",FKN00GL0082,MAXI-CAB,NULL,"[""NO PARKING""]",[113],2023-11-16 23:32:46+00,NULL,2023-11-17 00:25:59.702418+00,FKDEV00038,FKUSR00038,40,Chikkajala,TRUE,No Junction,NULL,NULL,FKN00GL0082,MAXI-CAB,approved,2023-11-19 00:25:54.823+00
FKID000091,12.939704,77.6956779,"Kadubeesanahalli Underpass, Indiqube Alpha, Reddy Layout, Kadubisanahalli, Bengaluru, Karnataka. Pin-560103 (India)",FKN00GL0083,CAR,NULL,"[""PARKING IN A MAIN ROAD"",""WRONG PARKING""]","[107,112]",2023-11-22 01:13:46+00,NULL,2023-11-27 21:53:23.73033+00,FKDEV00026,FKUSR00026,13,HAL Old Airport,TRUE,No Junction,NULL,NULL,FKN00GL0083,MAXI-CAB,approved,2023-11-30 04:55:49.85+00
FKID000092,12.9396796,77.6957562,"Kadubeesanahalli Underpass, Indiqube Alpha, Reddy Layout, Kadubisanahalli, Bengaluru, Karnataka. Pin-560103 (India)",FKN00GL0084,CAR,NULL,"[""PARKING IN A MAIN ROAD"",""WRONG PARKING""]","[107,112]",2023-11-22 01:13:46+00,NULL,2023-11-27 21:53:22.926363+00,FKDEV00026,FKUSR00026,13,HAL Old Airport,TRUE,No Junction,NULL,NULL,FKN00GL0084,MAXI-CAB,approved,2023-11-30 04:56:18.698+00
FKID000093,12.9816391,77.6080854,"Dispensary Road, Tasker Town, Shivaji Nagar, Bengaluru, Karnataka. Pin-560001 (India)",FKN00GL0085,SCOOTER,NULL,"[""WRONG PARKING""]",[112],2023-11-17 04:30:46+00,NULL,2023-11-17 04:33:33.779837+00,FKDEV00037,FKUSR00037,16,Shivajinagar,TRUE,BTP051 - Safina Plaza Junction,NULL,NULL,FKN00GL0085,SCOOTER,approved,2023-11-19 00:27:26.163+00
FKID000094,12.92586,77.6767646,"Outer Ring Road, Bellandur Junction, Bellandur, Bengaluru, Karnataka. Pin-560103 (India)",FKN00GL0086,CAR,NULL,"[""NO PARKING""]",[113],2023-11-21 22:20:46+00,NULL,2023-11-27 21:52:48.442116+00,FKDEV00039,FKUSR00039,82,Bellandur,TRUE,No Junction,NULL,NULL,FKN00GL0086,MAXI-CAB,approved,2023-11-30 04:57:47.982+00
FKID000095,12.9262088,77.6766952,"Outer Ring Road, Bellandur Junction, Bellandur, Bengaluru, Karnataka. Pin-560103 (India)",FKN00GL0087,CAR,NULL,"[""NO PARKING""]",[113],2023-11-21 22:20:46+00,NULL,2023-11-27 21:51:59.244988+00,FKDEV00039,FKUSR00039,82,Bellandur,TRUE,No Junction,NULL,NULL,FKN00GL0087,CAR,approved,2023-11-30 04:58:21.84+00
FKID000096,12.991667,77.5885165,"Palace Road, Thulasi Thottam, Vasant Nagar, Bengaluru, Karnataka. Pin-560001 (India)",FKN00GL0088,SCOOTER,NULL,"[""WRONG PARKING""]",[112],2023-11-27 21:46:46+00,NULL,2023-11-27 21:49:34.914847+00,FKDEV00040,FKUSR00040,11,High ground,TRUE,BTP032 - Windsor Circle,NULL,NULL,FKN00GL0088,SCOOTER,approved,2023-11-30 04:58:26.984+00
FKID000097,12.9832797,77.6096722,"Veera Pillai Street, Nethaji Subhas Chadra Bose Circle, Shivaji Nagar, Bengaluru, Karnataka. Pin-560051 (India)",FKN00GL0089,SCOOTER,NULL,"[""WRONG PARKING""]",[112],2023-11-16 23:42:46+00,NULL,2023-11-17 00:15:28.27535+00,FKDEV00041,FKUSR00041,16,Shivajinagar,TRUE,No Junction,NULL,NULL,FKN00GL0089,SCOOTER,approved,2023-11-19 00:32:11.43+00
FKID000098,12.9630317,77.5603267,"JJR Main Road, Tippu Chowk, JJR Nagar North, Bengaluru, Karnataka. Pin-560018 (India)",FKN00GL0090,LGV,NULL,"[""NO PARKING""]",[113],2023-11-17 22:26:46+00,NULL,2023-11-17 22:27:25.452765+00,FKDEV00042,FKUSR00042,29,Magadi Road,TRUE,BTP091 - Sirsi Circle,NULL,NULL,FKN00GL0090,LGV,approved,2023-11-19 00:34:18.546+00
